cliente,ciudad,supermercado,producto,precio,estacion,hora
Lauren Hull,Barcelona,Bon Preu,Pasta,48.38,Invierno,14:00
Richard White,Murcia,Dia,Manzanas,31.29,Invierno,17:00
Monica Wells,Málaga,Alcampo,Huevos,6.03,Verano,15:00
George Kennedy,Bilbao,Dia,Huevos,28.83,Verano,20:00
Suzanne Garcia,Bilbao,Carrefour,Tomates,42.86,Primavera,15:00
Keith Johnson,Las Palmas,Consum,Arroz,14.48,Primavera,18:00
Kenneth Howell,Bilbao,Consum,Leche,29.65,Verano,09:00
Heather Horton,Barcelona,Consum,Atún,30.41,Primavera,15:00
Mr. Bradley Miller,Málaga,Carrefour,Pasta,23.63,Otoño,11:00
Sara James,Valencia,Carrefour,Yogur,44.06,Primavera,15:00
Bryan Hernandez,Zaragoza,Aldi,Pasta,39.41,Verano,08:00
Nicole Chan,Sevilla,Carrefour,Leche,45.47,Otoño,11:00
Juan Myers,Madrid,Dia,Leche,36.26,Verano,21:00
Crystal Ford,Palma,Alcampo,Pasta,25.38,Verano,15:00
Melanie Cook,Murcia,Alcampo,Tomates,2.64,Primavera,19:00
Renee Parker,Zaragoza,Mercadona,Yogur,23.99,Invierno,17:00
Kyle Howard,Barcelona,Lidl,Pan,5.29,Otoño,19:00
Barbara Fox,Málaga,Aldi,Atún,44.76,Otoño,20:00
Jeremy Sanders,Bilbao,Mercadona,Pasta,41.94,Invierno,08:00
Kelly Lamb,Palma,Mercadona,Yogur,20.34,Otoño,10:00
Mrs. Jasmine Weaver MD,Zaragoza,Mercadona,Yogur,16.86,Primavera,19:00
Donald Miles,Málaga,Dia,Leche,14.28,Primavera,11:00
Deborah Gross,Palma,Lidl,Pan,26.95,Invierno,11:00
Mrs. Jennifer Carter,Málaga,Lidl,Pasta,41.24,Invierno,21:00
Tiffany Burns,Bilbao,Eroski,Manzanas,25.82,Primavera,15:00
Michele Durham,Barcelona,Aldi,Arroz,21.09,Invierno,09:00
Jonathan Diaz,Valencia,Carrefour,Arroz,34.34,Primavera,14:00
Tina Nelson,Las Palmas,Dia,Leche,49.06,Verano,16:00
Debra Baker,Murcia,Carrefour,Pollo,17.37,Invierno,14:00
Marvin Morales,Palma,Alcampo,Leche,37.7,Invierno,20:00
Cody Mata,Madrid,Consum,Pan,31.51,Otoño,09:00
Andrew Diaz,Barcelona,Eroski,Tomates,17.77,Invierno,08:00
Ashley Ramos,Sevilla,Dia,Huevos,18.27,Invierno,11:00
Samantha Smith,Sevilla,Eroski,Arroz,4.4,Verano,13:00
Monica Villa,Palma,Alcampo,Yogur,30.76,Verano,12:00
Mr. Jason Butler,Las Palmas,Lidl,Pasta,18.95,Verano,08:00
Kelly Ramirez,Sevilla,Bon Preu,Huevos,13.12,Invierno,17:00
Eugene Burgess,Madrid,Bon Preu,Huevos,16.05,Verano,16:00
Mr. Johnny Parker,Zaragoza,Consum,Pollo,16.62,Primavera,18:00
Ashley King,Madrid,Bon Preu,Tomates,15.23,Otoño,15:00
Gina Pierce,Las Palmas,Mercadona,Leche,11.93,Verano,14:00
Patrick Villegas,Valencia,Consum,Huevos,0.82,Invierno,09:00
Tracy Austin,Palma,El Corte Inglés,Huevos,1.79,Primavera,18:00
Megan Patel,Barcelona,Carrefour,Tomates,31.72,Otoño,17:00
Tiffany Estrada,Málaga,El Corte Inglés,Arroz,13.28,Invierno,21:00
Lauren York,Palma,El Corte Inglés,Pasta,28.72,Verano,11:00
Charles Roberson,Murcia,Dia,Yogur,38.41,Invierno,14:00
William Smith,Madrid,Dia,Atún,38.76,Otoño,14:00
Monica Cook,Sevilla,Lidl,Pollo,30.13,Primavera,19:00
John Ellis DDS,Bilbao,Eroski,Manzanas,38.43,Invierno,14:00
Laura Henderson,Valencia,Eroski,Pasta,9.12,Invierno,11:00
Tina Rodriguez,Bilbao,El Corte Inglés,Arroz,2.2,Primavera,08:00
Marie Gordon,Sevilla,Consum,Arroz,21.92,Otoño,18:00
Kenneth Schwartz,Valencia,Lidl,Leche,12.64,Verano,08:00
Alyssa Owens,Málaga,El Corte Inglés,Leche,38.73,Invierno,09:00
Jennifer Hardy,Las Palmas,Bon Preu,Pan,40.71,Primavera,18:00
Caroline Dominguez,Sevilla,Bon Preu,Manzanas,30.46,Invierno,08:00
Jason Flores,Murcia,Consum,Manzanas,30.63,Verano,17:00
Rachel Brennan,Barcelona,Eroski,Leche,15.7,Primavera,16:00
Tony Hernandez,Bilbao,Eroski,Yogur,7.01,Invierno,15:00
John Martinez,Bilbao,Carrefour,Pollo,48.92,Primavera,21:00
Steven Peters,Málaga,Bon Preu,Tomates,14.4,Otoño,08:00
Ian Mccoy,Palma,Dia,Arroz,47.9,Otoño,21:00
Tricia Simpson,Barcelona,Mercadona,Arroz,5.16,Otoño,10:00
Jonathan Roberts,Valencia,Alcampo,Leche,28.83,Primavera,09:00
John Foster,Murcia,Alcampo,Pollo,45.43,Otoño,17:00
Ryan Johnston,Málaga,Lidl,Huevos,37.38,Verano,08:00
Richard Nelson,Bilbao,Alcampo,Pasta,16.72,Invierno,21:00
Michelle Johnson,Palma,Eroski,Manzanas,37.72,Primavera,12:00
Robert Brown,Málaga,Dia,Yogur,27.37,Verano,10:00
Sharon Morgan,Madrid,Alcampo,Yogur,7.17,Invierno,10:00
Nathaniel Hamilton,Málaga,Consum,Pollo,22.17,Verano,19:00
Jacob Johnson,Bilbao,Mercadona,Manzanas,36.25,Primavera,19:00
Andrew Moore,Madrid,Alcampo,Atún,8.34,Otoño,20:00
Dale Medina,Málaga,Alcampo,Tomates,35.49,Primavera,16:00
Misty Curry,Madrid,Consum,Leche,7.32,Verano,11:00
Christopher Peterson,Palma,Alcampo,Tomates,42.66,Verano,15:00
Devin Mckinney,Barcelona,Mercadona,Atún,37.43,Primavera,16:00
Sarah Mccall,Murcia,Alcampo,Pan,16.85,Primavera,10:00
Emily Rojas,Sevilla,Mercadona,Tomates,31.27,Primavera,11:00
Anthony Olson,Valencia,Bon Preu,Pan,33.21,Verano,12:00
Michael Curtis,Zaragoza,Alcampo,Yogur,17.75,Primavera,18:00
David Jones,Barcelona,Bon Preu,Arroz,12.22,Invierno,10:00
Roger Vance,Las Palmas,El Corte Inglés,Pollo,30.42,Verano,13:00
Sarah Knapp,Málaga,El Corte Inglés,Pasta,47.99,Primavera,21:00
Nicholas Andrews,Sevilla,Dia,Arroz,17.17,Primavera,19:00
Ian Thornton,Málaga,Eroski,Pasta,10.45,Primavera,11:00
Adrienne Powell,Málaga,Dia,Pan,29.55,Primavera,12:00
Ashley Walker,Bilbao,Dia,Pan,20.35,Verano,21:00
Kevin Oliver,Bilbao,Bon Preu,Manzanas,41.24,Verano,21:00
Crystal Delgado,Barcelona,Lidl,Manzanas,13.55,Verano,13:00
Matthew Thompson,Bilbao,Dia,Huevos,47.45,Invierno,14:00
Jessica Long,Málaga,Aldi,Pasta,20.41,Invierno,11:00
Matthew Rodriguez,Palma,Eroski,Arroz,17.92,Otoño,12:00
Kylie Reed,Zaragoza,Mercadona,Arroz,41.68,Primavera,18:00
James Rogers,Zaragoza,Eroski,Pan,29.65,Verano,18:00
Taylor Brown,Sevilla,Lidl,Atún,28.27,Invierno,11:00
Francisco Livingston,Murcia,Aldi,Tomates,23.72,Otoño,10:00
Roger Vance,Zaragoza,Eroski,Pollo,8.81,Primavera,15:00
Joyce Macias,Las Palmas,Alcampo,Pan,16.9,Invierno,14:00
Kyle Chavez,Bilbao,El Corte Inglés,Pollo,7.41,Otoño,12:00
Renee Parks,Málaga,Carrefour,Arroz,45.28,Verano,18:00
Jennifer Cain,Madrid,Consum,Yogur,40.97,Otoño,21:00
Wendy Lewis,Las Palmas,Consum,Pollo,38.66,Verano,18:00
Christopher Li,Bilbao,Consum,Atún,23.01,Verano,17:00
Charles Rich,Bilbao,Mercadona,Tomates,7.16,Primavera,17:00
Stephanie Barnett,Bilbao,Mercadona,Arroz,30.23,Invierno,19:00
Kyle Howard,Palma,El Corte Inglés,Pasta,25.29,Verano,12:00
Julie Brooks,Barcelona,Alcampo,Pan,9.59,Otoño,16:00
Michelle Jones,Murcia,Carrefour,Manzanas,30.43,Primavera,15:00
Drew Myers,Málaga,Dia,Yogur,3.31,Primavera,08:00
Sean Friedman,Málaga,Consum,Arroz,20.75,Verano,09:00
Kevin Alvarez,Zaragoza,Mercadona,Pasta,24.44,Invierno,16:00
Paige Collins,Barcelona,Bon Preu,Tomates,38.99,Primavera,11:00
Robert Rivera,Bilbao,Bon Preu,Arroz,10.11,Otoño,13:00
William Howe,Zaragoza,El Corte Inglés,Pan,31.55,Primavera,13:00
Walter Chung,Murcia,Mercadona,Leche,11.51,Invierno,13:00
Elizabeth Avila,Barcelona,Eroski,Leche,40.01,Otoño,14:00
Pamela Kent,Málaga,Lidl,Pasta,48.63,Otoño,12:00
William Kim,Palma,Eroski,Manzanas,45.17,Verano,14:00
Gina Pierce,Valencia,Bon Preu,Tomates,31.67,Invierno,20:00
Stephanie Stafford,Zaragoza,Alcampo,Leche,43.54,Invierno,08:00
Jerry Mathews,Bilbao,Mercadona,Huevos,49.3,Invierno,18:00
Patricia Smith,Málaga,Bon Preu,Arroz,24.2,Otoño,14:00
Amanda Gordon,Valencia,Dia,Huevos,11.61,Verano,09:00
Rebecca Reed,Valencia,El Corte Inglés,Manzanas,29.79,Otoño,12:00
James Mullins,Valencia,Aldi,Pollo,41.23,Verano,13:00
Timothy Charles,Madrid,Aldi,Tomates,20.18,Invierno,19:00
Jackie Knight,Madrid,Mercadona,Manzanas,20.55,Otoño,18:00
Cynthia Martinez,Barcelona,Dia,Pollo,22.83,Otoño,20:00
Barbara Robbins,Bilbao,Eroski,Huevos,4.54,Verano,20:00
Sandra Mcdaniel DDS,Bilbao,Alcampo,Tomates,39.49,Invierno,18:00
Sarah Delgado,Palma,Lidl,Yogur,43.49,Otoño,11:00
David Smith,Barcelona,Lidl,Leche,28.7,Verano,16:00
Steven Sanchez,Madrid,Eroski,Pasta,35.64,Otoño,18:00
Robert Frey,Bilbao,Bon Preu,Yogur,20.66,Verano,17:00
Cynthia Martinez,Palma,Mercadona,Pasta,4.2,Invierno,09:00
Robert Taylor,Madrid,Dia,Leche,40.6,Primavera,20:00
Charles Barber,Sevilla,Consum,Pollo,44.02,Invierno,21:00
John Hall,Zaragoza,Consum,Arroz,17.55,Invierno,10:00
Jeffrey Williams,Barcelona,Dia,Atún,31.12,Verano,15:00
Aaron Poole,Barcelona,Carrefour,Manzanas,48.36,Invierno,15:00
Brett Flores,Madrid,Aldi,Leche,14.15,Invierno,11:00
Michael Miller,Barcelona,Mercadona,Tomates,5.08,Invierno,08:00
Kristen Lester,Las Palmas,Mercadona,Pollo,0.63,Verano,08:00
Gregory Smith,Madrid,Carrefour,Pasta,24.73,Invierno,18:00
Sandra Mcdaniel DDS,Málaga,Bon Preu,Arroz,26.75,Otoño,09:00
Samantha Lee,Málaga,El Corte Inglés,Yogur,24.53,Verano,17:00
Gregory Lewis,Murcia,Lidl,Pan,42.3,Primavera,17:00
Ryan Johnston,Zaragoza,Eroski,Pasta,46.65,Primavera,20:00
Crystal Ford,Málaga,El Corte Inglés,Pan,6.02,Invierno,21:00
Carol Bishop,Las Palmas,Consum,Atún,6.76,Verano,18:00
David Jones,Las Palmas,Eroski,Pan,35.4,Verano,12:00
Gerald Hull,Zaragoza,Consum,Arroz,18.49,Invierno,17:00
Kristina Jimenez,Las Palmas,Aldi,Yogur,40.23,Primavera,19:00
Faith Dunlap,Valencia,Lidl,Leche,4.52,Otoño,21:00
Nicholas Long,Barcelona,Eroski,Manzanas,26.64,Verano,08:00
Richard Nelson,Zaragoza,Dia,Pollo,11.09,Invierno,13:00
Vanessa Bowers,Bilbao,Consum,Yogur,45.19,Primavera,08:00
Nicholas Roth,Las Palmas,Carrefour,Pan,33.18,Verano,16:00
Alyssa Fletcher,Málaga,Eroski,Huevos,43.66,Invierno,21:00
Kyle Downs,Málaga,Mercadona,Tomates,43.94,Primavera,13:00
Christopher Burns,Valencia,Lidl,Arroz,37.49,Verano,21:00
Nicole Huffman,Madrid,Carrefour,Tomates,13.92,Otoño,16:00
Brian Valencia,Palma,Consum,Atún,47.68,Otoño,10:00
Nathaniel Garcia,Málaga,Lidl,Leche,32.6,Invierno,18:00
Garrett Wagner,Málaga,Aldi,Pollo,7.29,Otoño,15:00
Denise Browning,Valencia,Alcampo,Arroz,13.5,Otoño,11:00
Ronald Bryant,Murcia,Bon Preu,Tomates,38.02,Invierno,10:00
Tammy Kelley,Zaragoza,Lidl,Arroz,42.93,Invierno,20:00
Curtis Rosales,Barcelona,El Corte Inglés,Yogur,25.86,Primavera,08:00
Drew Myers,Palma,Alcampo,Manzanas,27.31,Otoño,13:00
Whitney Bates,Sevilla,Eroski,Pan,12.76,Invierno,17:00
Shannon Bradley,Las Palmas,Mercadona,Manzanas,0.67,Verano,11:00
Jacqueline Larson,Valencia,Aldi,Pasta,3.08,Verano,18:00
Pedro Hayes,Valencia,Consum,Leche,4.67,Otoño,15:00
Jennifer Hardy,Las Palmas,Bon Preu,Arroz,5.13,Primavera,13:00
Mia Phillips,Las Palmas,Bon Preu,Arroz,27.35,Primavera,14:00
Pedro Benson,Murcia,Dia,Pan,22.82,Otoño,16:00
Lisa Le,Barcelona,Consum,Yogur,19.51,Otoño,08:00
Brandon Brown,Barcelona,Dia,Huevos,29.76,Invierno,13:00
Angel Doyle,Barcelona,Eroski,Yogur,37.12,Primavera,20:00
Brittney Murphy,Málaga,Consum,Manzanas,36.53,Primavera,17:00
Tony Hernandez,Murcia,Dia,Pan,17.04,Invierno,15:00
Melanie Cook,Palma,Carrefour,Pan,43.79,Verano,14:00
Dawn Clark,Palma,El Corte Inglés,Manzanas,35.07,Invierno,16:00
Debbie Garcia,Murcia,Bon Preu,Atún,32.62,Invierno,14:00
Kiara Garcia,Zaragoza,Lidl,Leche,13.73,Otoño,20:00
Brianna Garcia,Valencia,Carrefour,Huevos,46.25,Verano,13:00
William Simmons,Madrid,Carrefour,Leche,23.74,Otoño,19:00
Deborah Smith,Bilbao,Eroski,Leche,47.64,Primavera,16:00
Dale Medina,Palma,Carrefour,Pollo,3.25,Primavera,10:00
Jacob Franklin,Murcia,Lidl,Manzanas,26.49,Primavera,20:00
Marcus Gibson MD,Bilbao,Eroski,Yogur,31.33,Primavera,11:00
Denise Mitchell,Málaga,El Corte Inglés,Tomates,30.8,Primavera,09:00
Elizabeth Brown,Barcelona,Eroski,Pan,17.97,Verano,19:00
Carl Kelley,Zaragoza,El Corte Inglés,Yogur,21.78,Verano,21:00
Aaron Thomas,Las Palmas,Eroski,Leche,31.15,Otoño,09:00
Brett Reese,Valencia,Bon Preu,Yogur,38.32,Otoño,16:00
Frank Moore,Sevilla,Aldi,Pasta,2.38,Primavera,17:00
Christopher Garner,Málaga,Aldi,Yogur,17.78,Invierno,18:00
Adrienne Powell,Zaragoza,Consum,Manzanas,47.02,Primavera,09:00
Michael Jackson,Zaragoza,Carrefour,Leche,44.49,Verano,10:00
Cynthia Key,Murcia,Carrefour,Leche,9.91,Verano,13:00
John Martin,Murcia,Mercadona,Tomates,16.77,Verano,21:00
Eric Arnold,Sevilla,Consum,Leche,4.21,Verano,08:00
Richard Reyes,Murcia,Dia,Tomates,23.12,Invierno,16:00
John Abbott,Zaragoza,Aldi,Manzanas,14.22,Otoño,13:00
Larry Wright,Palma,Mercadona,Manzanas,31.87,Invierno,15:00
Jacqueline Mccann,Zaragoza,Carrefour,Pasta,35.11,Verano,14:00
Sheila Miller,Barcelona,Mercadona,Pan,30.92,Primavera,21:00
Angela Carter,Málaga,Consum,Pollo,40.27,Verano,16:00
Lisa Le,Las Palmas,Alcampo,Huevos,12.38,Otoño,12:00
Victoria Collins,Málaga,Dia,Pan,1.09,Primavera,12:00
Barbara Hicks,Málaga,Aldi,Atún,8.89,Verano,16:00
Richard White,Málaga,Eroski,Yogur,28.12,Verano,15:00
Shelley Williamson,Madrid,Consum,Atún,44.19,Verano,14:00
Ryan Wiggins,Valencia,Carrefour,Leche,28.32,Verano,21:00
Michelle Johnson,Valencia,Bon Preu,Manzanas,11.33,Invierno,13:00
Mikayla Crawford,Zaragoza,Eroski,Pollo,9.7,Invierno,19:00
Joanne Vasquez,Sevilla,Consum,Huevos,1.59,Invierno,20:00
Amy Cox,Las Palmas,Mercadona,Pasta,7.14,Verano,11:00
Rachel Tyler,Bilbao,Bon Preu,Manzanas,43.12,Primavera,10:00
Scott Butler,Málaga,Consum,Yogur,39.19,Verano,21:00
Richard White,Madrid,Bon Preu,Manzanas,11.93,Verano,13:00
Wesley Mata,Zaragoza,Lidl,Yogur,3.45,Verano,16:00
Jesus Ramirez,Palma,Bon Preu,Pollo,15.76,Primavera,16:00
Robin Martin,Zaragoza,Mercadona,Pollo,8.15,Otoño,13:00
Joanne Williams,Bilbao,Alcampo,Huevos,26.67,Primavera,08:00
Kenneth Howell,Málaga,Aldi,Tomates,33.7,Primavera,15:00
Daniel Garcia,Murcia,El Corte Inglés,Pasta,40.38,Invierno,21:00
Cameron Franco,Zaragoza,Bon Preu,Yogur,25.56,Otoño,11:00
Stanley Park,Sevilla,Eroski,Pasta,47.62,Invierno,20:00
Raymond Hardy,Valencia,Dia,Tomates,23.8,Invierno,11:00
Megan Stevenson,Palma,Eroski,Pollo,10.89,Primavera,09:00
Sherri Glover,Barcelona,Lidl,Atún,0.84,Otoño,17:00
Mrs. Gina Mcbride,Bilbao,Aldi,Pollo,24.35,Otoño,10:00
Jacob Ryan,Málaga,Carrefour,Leche,27.66,Verano,08:00
Bryan Bernard,Sevilla,Mercadona,Leche,2.55,Primavera,21:00
Robert Gutierrez,Málaga,Aldi,Arroz,7.93,Otoño,15:00
Tonya Sheppard,Las Palmas,Alcampo,Pollo,49.59,Primavera,20:00
Marilyn Smith,Barcelona,Lidl,Pollo,13.62,Invierno,14:00
Matthew Ramirez,Barcelona,Alcampo,Atún,16.16,Verano,10:00
Gina Gordon,Madrid,Dia,Atún,11.88,Otoño,16:00
Brett Flores,Barcelona,Consum,Leche,24.62,Invierno,17:00
James Vasquez,Murcia,Consum,Huevos,22.58,Verano,14:00
Donald Johnson,Palma,Consum,Atún,16.92,Verano,13:00
Tina Allen,Palma,Consum,Pollo,41.93,Invierno,20:00
Steven Clark,Madrid,Bon Preu,Huevos,17.13,Primavera,10:00
Raymond Castillo,Málaga,Dia,Manzanas,38.21,Otoño,15:00
Ronald Harvey,Madrid,Bon Preu,Huevos,23.07,Invierno,14:00
Sara James,Sevilla,Bon Preu,Arroz,23.76,Invierno,10:00
Shannon Woods,Madrid,Dia,Pollo,13.62,Verano,16:00
David Perez,Palma,Lidl,Manzanas,35.28,Invierno,17:00
Scott Powers,Zaragoza,El Corte Inglés,Tomates,48.83,Otoño,21:00
Cynthia Hernandez MD,Bilbao,Carrefour,Pasta,38.89,Verano,16:00
Brenda Andersen,Málaga,Eroski,Manzanas,37.69,Primavera,16:00
Melody Smith,Madrid,Aldi,Atún,18.08,Verano,17:00
Dominic Gray,Bilbao,Mercadona,Yogur,28.89,Invierno,11:00
Hayley White,Bilbao,Lidl,Pollo,16.06,Verano,12:00
Frank Johnson,Las Palmas,Carrefour,Tomates,36.47,Otoño,21:00
Tiffany Burns,Barcelona,Lidl,Huevos,29.94,Invierno,21:00
Hayley White,Zaragoza,Alcampo,Tomates,20.37,Otoño,20:00
Patricia Smith,Palma,Carrefour,Huevos,49.17,Invierno,13:00
Renee Miller,Palma,Dia,Huevos,48.33,Otoño,09:00
Elizabeth Osborne,Bilbao,Consum,Leche,23.02,Verano,17:00
Dominique Fleming,Bilbao,Dia,Leche,12.31,Otoño,12:00
Brandon Richardson,Valencia,Mercadona,Arroz,8.22,Verano,15:00
Larry Buchanan,Madrid,Eroski,Manzanas,40.35,Verano,14:00
Bruce Castillo DVM,Bilbao,Aldi,Arroz,28.48,Verano,15:00
Megan Murray,Sevilla,Bon Preu,Manzanas,32.12,Primavera,10:00
Emily Bridges,Las Palmas,Dia,Pollo,20.47,Verano,10:00
Gregory Sanchez,Barcelona,Mercadona,Yogur,16.61,Otoño,18:00
Lisa Obrien,Málaga,El Corte Inglés,Yogur,14.86,Otoño,10:00
Kelly Lamb,Bilbao,Lidl,Pan,17.13,Otoño,08:00
Tanya Reynolds,Barcelona,Lidl,Arroz,12.47,Verano,13:00
Donald Crawford,Valencia,Carrefour,Atún,5.61,Otoño,15:00
Angel Doyle,Sevilla,Consum,Manzanas,10.01,Primavera,09:00
Tyrone Gonzalez,Málaga,Aldi,Atún,5.78,Verano,19:00
Erik Peterson,Valencia,Alcampo,Tomates,29.38,Invierno,19:00
Katherine Navarro,Murcia,Dia,Tomates,6.58,Verano,16:00
Timothy Hunt,Bilbao,Carrefour,Leche,31.51,Primavera,08:00
Justin Wright,Málaga,Eroski,Tomates,47.43,Otoño,08:00
Jacob Roach,Barcelona,Carrefour,Pasta,45.56,Otoño,20:00
Carl Kelley,Zaragoza,Alcampo,Tomates,6.61,Primavera,21:00
Whitney Bates,Palma,Bon Preu,Atún,39.55,Primavera,20:00
John Rice,Las Palmas,Consum,Atún,28.52,Primavera,21:00
Michael Lee,Las Palmas,Bon Preu,Tomates,25.3,Verano,15:00
Sheila Miller,Murcia,Consum,Pasta,13.08,Otoño,08:00
Patricia Raymond DDS,Málaga,Dia,Pan,9.35,Verano,13:00
James Walker,Bilbao,Aldi,Arroz,40.44,Otoño,14:00
Ryan Park,Barcelona,Bon Preu,Tomates,15.91,Primavera,13:00
Tracy Austin,Madrid,Consum,Pan,39.0,Otoño,13:00
Austin Black,Barcelona,Eroski,Atún,5.24,Primavera,12:00
Jordan Little,Palma,Carrefour,Pollo,39.13,Otoño,13:00
Alexander Cox,Madrid,Dia,Arroz,14.18,Verano,10:00
Todd Thomas,Barcelona,Dia,Atún,9.14,Verano,21:00
Johnny Mooney,Barcelona,Bon Preu,Atún,38.98,Primavera,13:00
Michael Garrett,Murcia,Eroski,Pollo,3.73,Otoño,18:00
Adam Taylor,Málaga,Carrefour,Huevos,31.37,Primavera,18:00
Sarah Green,Murcia,Consum,Yogur,8.56,Invierno,08:00
Melanie Morris,Palma,Mercadona,Pasta,0.98,Otoño,18:00
Sarah Green,Barcelona,El Corte Inglés,Yogur,42.24,Primavera,19:00
Christopher Alvarez,Zaragoza,El Corte Inglés,Leche,26.96,Otoño,10:00
Kevin Ray,Barcelona,Eroski,Manzanas,10.85,Verano,13:00
Robert Washington,Sevilla,Lidl,Pan,37.79,Primavera,16:00
Walter Chung,Barcelona,Lidl,Manzanas,7.89,Otoño,15:00
Tammy Kelley,Málaga,El Corte Inglés,Tomates,43.35,Invierno,14:00
Michael Walker,Valencia,Carrefour,Tomates,19.25,Otoño,15:00
Curtis Giles,Barcelona,Consum,Pan,6.0,Otoño,19:00
Andrea Buck,Valencia,Eroski,Atún,15.11,Otoño,08:00
Kirsten Thompson,Málaga,Dia,Arroz,46.73,Verano,15:00
Elizabeth Avila,Sevilla,Alcampo,Yogur,47.88,Primavera,20:00
Angela Hawkins,Sevilla,Alcampo,Huevos,29.17,Otoño,08:00
Jacob Ryan,Málaga,Dia,Tomates,35.52,Invierno,16:00
Randall Gray,Murcia,El Corte Inglés,Yogur,46.6,Verano,20:00
Marissa Greene,Murcia,Aldi,Pollo,8.89,Otoño,09:00
Mr. Bradley Miller,Murcia,Bon Preu,Pan,28.97,Otoño,14:00
Walter Chung,Valencia,Carrefour,Pollo,45.36,Verano,18:00
Margaret Johnson,Valencia,Consum,Yogur,31.0,Invierno,21:00
Barbara Fox,Málaga,Aldi,Atún,46.15,Otoño,09:00
Brian Valencia,Bilbao,Dia,Yogur,39.72,Verano,08:00
Reginald Berry,Málaga,El Corte Inglés,Atún,31.26,Verano,14:00
Tony Smith,Sevilla,Mercadona,Pollo,19.15,Otoño,19:00
Gavin Harris,Murcia,Aldi,Atún,38.74,Primavera,19:00
John Nguyen,Málaga,Lidl,Huevos,21.22,Verano,10:00
Allison Montes,Palma,Consum,Manzanas,20.36,Verano,13:00
John Nelson,Murcia,Aldi,Arroz,6.66,Primavera,10:00
April Ferguson,Zaragoza,Eroski,Pasta,47.03,Verano,08:00
Erik Bowman,Valencia,Eroski,Tomates,25.86,Invierno,10:00
Jeanne Robinson,Murcia,Bon Preu,Atún,10.14,Primavera,14:00
Marcus Gibson MD,Bilbao,Carrefour,Yogur,15.77,Primavera,08:00
Jennifer Cain,Madrid,El Corte Inglés,Pollo,42.78,Primavera,21:00
Steven Welch,Bilbao,Consum,Tomates,0.62,Primavera,13:00
Heather Ward,Bilbao,Bon Preu,Yogur,42.24,Invierno,12:00
Laurie Sutton,Las Palmas,Alcampo,Yogur,12.15,Otoño,19:00
Alicia Thompson,Málaga,El Corte Inglés,Pasta,17.49,Invierno,21:00
Raymond Hardy,Bilbao,Consum,Manzanas,33.0,Otoño,09:00
Gavin Harris,Zaragoza,Dia,Pollo,23.65,Primavera,15:00
Juan Morrow,Barcelona,Mercadona,Atún,0.92,Invierno,10:00
Charles Roberson,Murcia,Carrefour,Pan,1.59,Otoño,14:00
George Grant,Zaragoza,Alcampo,Tomates,5.92,Otoño,10:00
Samantha Freeman,Valencia,Mercadona,Manzanas,11.8,Verano,18:00
Jennifer Bryant,Málaga,Lidl,Arroz,18.38,Primavera,15:00
James Martinez,Valencia,Bon Preu,Pan,49.69,Invierno,12:00
Kyle Scott,Palma,Consum,Pasta,41.25,Otoño,19:00
Ian Thornton,Zaragoza,Carrefour,Pollo,32.49,Invierno,18:00
Gary Nichols,Barcelona,Carrefour,Tomates,41.88,Invierno,16:00
Tanya Reynolds,Palma,Consum,Yogur,37.97,Verano,21:00
Donald Johnson,Las Palmas,Carrefour,Arroz,24.89,Primavera,14:00
Dr. Manuel Lane,Valencia,Carrefour,Arroz,39.52,Verano,14:00
Tina Nelson,Málaga,Alcampo,Yogur,4.83,Invierno,08:00
Veronica Ramirez,Sevilla,Dia,Huevos,6.37,Verano,17:00
Charles Wallace,Valencia,Eroski,Yogur,35.61,Verano,18:00
Timothy Charles,Málaga,Consum,Huevos,15.04,Primavera,08:00
Scott Benson,Madrid,Lidl,Manzanas,27.54,Invierno,19:00
Susan Anderson,Zaragoza,Carrefour,Pasta,6.91,Otoño,11:00
Alexander Hays,Palma,Lidl,Pollo,46.18,Otoño,17:00
Sherry Rivera,Palma,Dia,Leche,23.72,Primavera,11:00
Carla Gray,Las Palmas,Lidl,Tomates,33.27,Otoño,11:00
Lisa Obrien,Sevilla,Eroski,Leche,26.45,Verano,13:00
Jonathan Roberts,Valencia,Dia,Huevos,24.97,Primavera,11:00
Alexander Moore,Barcelona,Mercadona,Arroz,19.23,Otoño,20:00
Emily Clayton,Murcia,Aldi,Huevos,20.59,Invierno,12:00
Robert Rivera,Sevilla,Eroski,Leche,25.59,Invierno,12:00
Ronald Gates,Valencia,Lidl,Arroz,14.78,Otoño,08:00
Stephen Marks,Las Palmas,Consum,Arroz,20.46,Verano,13:00
Crystal Ford,Madrid,Lidl,Yogur,18.04,Verano,09:00
Yvonne Woods,Barcelona,Bon Preu,Pan,11.38,Invierno,18:00
Rachel Tyler,Sevilla,Mercadona,Pasta,4.85,Verano,10:00
James Walker,Málaga,Carrefour,Manzanas,37.82,Verano,12:00
Paige Collins,Valencia,Aldi,Yogur,20.87,Invierno,12:00
Hayley White,Málaga,Aldi,Pasta,29.64,Primavera,14:00
Erik Peterson,Madrid,Bon Preu,Yogur,10.72,Verano,17:00
Nicholas Andrews,Palma,Carrefour,Pasta,33.7,Primavera,17:00
Richard Peters,Sevilla,El Corte Inglés,Huevos,49.08,Invierno,12:00
Sally Gibson,Las Palmas,Consum,Tomates,36.48,Verano,16:00
Charles Rich,Barcelona,El Corte Inglés,Atún,30.6,Verano,19:00
Marilyn Smith,Valencia,Consum,Huevos,7.57,Otoño,18:00
Christina Harvey,Barcelona,Consum,Atún,8.34,Verano,11:00
Joseph Becker,Valencia,Aldi,Tomates,20.14,Invierno,12:00
Andrew Dennis,Zaragoza,Bon Preu,Pasta,21.99,Verano,08:00
Craig Hobbs,Palma,Mercadona,Pan,37.38,Primavera,13:00
Keith Wang,Sevilla,Lidl,Tomates,20.85,Verano,14:00
Jackie Knight,Málaga,Lidl,Leche,9.97,Otoño,14:00
Brandon Park,Palma,Carrefour,Yogur,26.89,Primavera,13:00
Madison Burch,Barcelona,Alcampo,Yogur,31.76,Invierno,14:00
Mrs. Olivia Watts,Las Palmas,Eroski,Leche,46.87,Otoño,08:00
John Abbott,Barcelona,Dia,Tomates,23.16,Primavera,14:00
Kyle Davis,Murcia,Aldi,Pollo,28.2,Verano,20:00
Christopher Burns,Palma,Bon Preu,Arroz,11.67,Verano,18:00
Eric Burke,Madrid,El Corte Inglés,Arroz,33.41,Primavera,15:00
Melissa Sherman,Valencia,Dia,Huevos,29.04,Invierno,10:00
Michelle Barry,Murcia,Eroski,Tomates,33.31,Primavera,20:00
Jamie Henry,Bilbao,Bon Preu,Pollo,40.16,Verano,13:00
Pamela Kent,Barcelona,Consum,Manzanas,0.9,Verano,09:00
Larry Buchanan,Zaragoza,Carrefour,Pollo,4.31,Verano,21:00
Garrett Wagner,Madrid,Bon Preu,Yogur,48.95,Primavera,19:00
Larry Wright,Zaragoza,Aldi,Leche,20.07,Otoño,19:00
Randall Gray,Zaragoza,El Corte Inglés,Leche,42.1,Otoño,18:00
Sean Friedman,Murcia,Aldi,Pan,10.11,Verano,15:00
Steven Mcmillan,Las Palmas,Aldi,Pollo,20.47,Primavera,21:00
Dwayne Mendoza,Madrid,Consum,Pollo,30.15,Otoño,18:00
Walter Reynolds,Sevilla,Aldi,Pollo,21.84,Verano,20:00
Suzanne Garcia,Murcia,El Corte Inglés,Pollo,24.41,Invierno,11:00
Andrea Hammond,Bilbao,Dia,Manzanas,8.61,Otoño,19:00
Samuel Frazier,Murcia,Mercadona,Yogur,20.1,Otoño,09:00
Paul Haynes,Bilbao,Alcampo,Manzanas,45.67,Verano,10:00
Tony Hernandez,Palma,Bon Preu,Pollo,38.46,Invierno,18:00
Renee Parks,Bilbao,Aldi,Pasta,9.74,Primavera,17:00
Emily Green PhD,Palma,Consum,Tomates,43.2,Verano,12:00
Jason Flores,Zaragoza,Lidl,Pollo,20.88,Invierno,20:00
Tyler Rosales DDS,Murcia,Mercadona,Pasta,33.65,Otoño,11:00
Amy Bishop,Sevilla,Mercadona,Manzanas,38.32,Verano,11:00
Alex Cooper,Bilbao,Eroski,Tomates,9.35,Verano,16:00
Christopher Hobbs,Barcelona,Alcampo,Pollo,0.97,Otoño,12:00
Stacey Gonzalez,Madrid,Carrefour,Leche,14.18,Primavera,12:00
Michael Lewis,Barcelona,Consum,Leche,9.66,Invierno,16:00
Andrew Hill,Madrid,Alcampo,Pasta,18.13,Invierno,15:00
Natalie Thompson,Las Palmas,Dia,Arroz,22.42,Verano,17:00
Natalie Ellis,Palma,Aldi,Manzanas,49.98,Verano,21:00
Brandon Richardson,Murcia,Mercadona,Pollo,47.3,Verano,19:00
Todd Ramirez,Las Palmas,Carrefour,Leche,33.95,Invierno,19:00
Jesus Ramirez,Málaga,Dia,Yogur,8.25,Otoño,10:00
Alex Cooper,Valencia,Lidl,Leche,5.63,Primavera,11:00
April Carter,Madrid,Consum,Arroz,2.77,Verano,18:00
Peter Johnson,Palma,Carrefour,Atún,30.29,Invierno,09:00
Mr. Jason Butler,Málaga,El Corte Inglés,Leche,10.27,Primavera,21:00
Jonathan Roberts,Bilbao,El Corte Inglés,Arroz,17.5,Primavera,12:00
Tammy Turner,Valencia,Carrefour,Pan,17.84,Primavera,11:00
Rachel Poole,Sevilla,Consum,Tomates,28.09,Invierno,19:00
Morgan Montoya,Madrid,Mercadona,Pan,30.89,Otoño,13:00
Kimberly Diaz,Madrid,Eroski,Pollo,29.61,Verano,18:00
Jacqueline Morris,Sevilla,Carrefour,Huevos,20.01,Verano,15:00
Jacob Garrison,Palma,Mercadona,Pasta,33.35,Otoño,12:00
Marie Sellers MD,Barcelona,Aldi,Pollo,6.45,Verano,17:00
Leah Haney,Sevilla,Aldi,Pasta,2.99,Verano,14:00
Kevin Oliver,Las Palmas,Mercadona,Huevos,27.54,Invierno,09:00
Marilyn Morgan,Bilbao,Carrefour,Yogur,3.1,Otoño,10:00
Steven Mcmillan,Valencia,Carrefour,Pasta,20.66,Primavera,20:00
David Jones,Sevilla,Carrefour,Pan,26.43,Verano,09:00
Juan Porter,Málaga,Carrefour,Leche,34.61,Verano,18:00
Nichole Miles,Palma,Alcampo,Tomates,19.57,Verano,13:00
Michael Garrett,Valencia,Aldi,Manzanas,44.05,Otoño,16:00
Casey Martinez,Sevilla,Bon Preu,Huevos,27.44,Otoño,08:00
Ryan Gonzalez,Murcia,Consum,Huevos,13.88,Verano,13:00
Alicia Thompson,Valencia,Consum,Atún,20.5,Primavera,13:00
Marcus Maldonado,Barcelona,Dia,Tomates,43.92,Invierno,19:00
Deborah Curtis,Valencia,Mercadona,Manzanas,22.87,Primavera,09:00
Maria Smith,Murcia,Carrefour,Pollo,49.91,Otoño,20:00
Timothy Rodriguez,Barcelona,Lidl,Pan,18.52,Primavera,21:00
Kyle Davis,Barcelona,Aldi,Atún,5.83,Verano,12:00
Kayla Barr,Málaga,Consum,Pan,47.26,Primavera,14:00
Daniel Fowler,Murcia,Carrefour,Arroz,31.15,Otoño,10:00
Mr. Christopher Duffy,Barcelona,Carrefour,Yogur,6.89,Primavera,18:00
Beth Miller,Barcelona,Mercadona,Arroz,41.06,Primavera,09:00
Julie Escobar,Zaragoza,Eroski,Manzanas,23.21,Invierno,10:00
Brenda Rich,Valencia,Dia,Pan,42.55,Invierno,21:00
Erin Hill,Palma,Mercadona,Pollo,34.59,Primavera,11:00
Stephen Miller,Valencia,Eroski,Leche,49.74,Primavera,20:00
Ricky Rogers,Barcelona,Consum,Huevos,18.85,Verano,16:00
Brandon Zimmerman,Bilbao,Aldi,Yogur,17.55,Invierno,18:00
Jessica Long,Valencia,Dia,Tomates,3.43,Verano,13:00
Eric Brown,Valencia,Consum,Leche,42.0,Invierno,20:00
Samantha Burgess,Las Palmas,Aldi,Atún,25.67,Primavera,16:00
Jamie Gordon,Valencia,Carrefour,Huevos,9.44,Primavera,12:00
Kathryn Gonzalez,Bilbao,Carrefour,Manzanas,29.22,Primavera,20:00
Barbara Robbins,Zaragoza,Bon Preu,Huevos,8.31,Invierno,13:00
Robert Johnston,Las Palmas,Eroski,Pasta,39.45,Invierno,18:00
Ronald Gates,Bilbao,Alcampo,Atún,36.44,Invierno,09:00
Daniel Fowler,Valencia,Mercadona,Atún,4.83,Invierno,13:00
Christina Taylor,Palma,Carrefour,Arroz,31.09,Verano,08:00
Joshua Ortega,Las Palmas,Bon Preu,Manzanas,40.88,Otoño,18:00
Maria Smith,Las Palmas,Alcampo,Tomates,35.18,Invierno,20:00
Ashley Clark,Las Palmas,Eroski,Leche,3.65,Otoño,14:00
James Lewis,Bilbao,Eroski,Tomates,40.43,Primavera,18:00
Jeffery Anderson,Valencia,Mercadona,Tomates,46.4,Otoño,16:00
Kristen Lester,Sevilla,El Corte Inglés,Leche,30.87,Invierno,15:00
Marvin Morales,Palma,Alcampo,Pan,49.84,Verano,15:00
Cassandra Phelps,Málaga,El Corte Inglés,Manzanas,27.51,Primavera,18:00
Michael Nichols,Murcia,Carrefour,Huevos,10.63,Otoño,08:00
Kelly Lamb,Barcelona,Bon Preu,Manzanas,14.44,Invierno,08:00
Lauren Hull,Palma,Mercadona,Tomates,18.04,Verano,15:00
Jamie Stewart,Madrid,Eroski,Atún,30.88,Otoño,20:00
Jaime Watson,Barcelona,Alcampo,Yogur,49.41,Invierno,14:00
Michael Walker,Barcelona,Alcampo,Pan,26.92,Primavera,21:00
Christopher Alvarez,Palma,El Corte Inglés,Yogur,15.28,Verano,14:00
Bailey Goodwin,Sevilla,Dia,Arroz,1.72,Otoño,08:00
Larry Buchanan,Bilbao,Lidl,Arroz,42.48,Verano,13:00
Mary Graves,Zaragoza,Alcampo,Manzanas,12.21,Primavera,20:00
Joyce Macias,Palma,El Corte Inglés,Pan,43.97,Invierno,16:00
Samantha Butler,Málaga,Dia,Huevos,19.63,Invierno,18:00
Victoria Cruz,Zaragoza,Lidl,Pollo,27.88,Otoño,20:00
Rebecca Hopkins,Zaragoza,Aldi,Tomates,22.63,Invierno,18:00
Albert Allen,Madrid,El Corte Inglés,Tomates,45.56,Invierno,16:00
Ronald Bryant,Barcelona,Consum,Manzanas,26.94,Otoño,08:00
Christopher Richards,Palma,El Corte Inglés,Pasta,26.31,Otoño,15:00
Steven Mcmillan,Málaga,Eroski,Atún,38.31,Invierno,18:00
Nichole Miles,Murcia,Carrefour,Tomates,5.83,Invierno,14:00
Joseph Garcia,Málaga,Lidl,Huevos,32.57,Otoño,09:00
Scott Benson,Barcelona,Bon Preu,Manzanas,34.16,Verano,20:00
Matthew Greene,Murcia,Aldi,Yogur,9.09,Verano,21:00
Ronald Gates,Barcelona,Alcampo,Pan,26.57,Primavera,12:00
Kristen Jennings,Zaragoza,Eroski,Pan,47.37,Otoño,16:00
Samantha Grant,Murcia,Carrefour,Arroz,20.42,Primavera,18:00
Matthew Flores,Bilbao,Aldi,Pan,5.77,Invierno,08:00
Taylor Brown,Palma,El Corte Inglés,Pasta,33.1,Otoño,09:00
Carolyn Stein,Bilbao,Mercadona,Tomates,19.02,Verano,08:00
Mrs. Amanda Mitchell,Barcelona,Alcampo,Huevos,42.93,Otoño,15:00
Ernest Lewis,Palma,Mercadona,Atún,49.73,Otoño,14:00
Timothy Fuentes,Sevilla,Lidl,Huevos,27.39,Invierno,15:00
Vincent Miller,Murcia,Alcampo,Pan,25.57,Invierno,13:00
Laura Davis,Palma,Consum,Arroz,8.46,Otoño,17:00
Amber Short,Murcia,Consum,Atún,35.06,Otoño,12:00
Cameron Mcgee,Barcelona,Lidl,Pan,17.84,Primavera,19:00
Brian Santiago,Murcia,Alcampo,Tomates,34.15,Verano,17:00
Veronica Ramirez,Sevilla,Bon Preu,Pollo,16.12,Verano,11:00
Eric Arnold,Las Palmas,Bon Preu,Pollo,11.39,Invierno,20:00
Daniel Garcia,Bilbao,Mercadona,Atún,30.1,Otoño,17:00
Jamie Stewart,Madrid,Consum,Pollo,6.83,Otoño,20:00
Ryan Whitehead,Madrid,Eroski,Manzanas,7.55,Invierno,08:00
Angela King,Murcia,Carrefour,Pasta,18.44,Otoño,13:00
William Wise,Málaga,Eroski,Pasta,21.77,Invierno,18:00
Paul Davila,Madrid,Carrefour,Leche,31.47,Otoño,16:00
Mitchell Jones,Sevilla,Consum,Leche,22.59,Invierno,21:00
Matthew Flores,Málaga,Aldi,Manzanas,22.08,Invierno,13:00
Crystal Graves,Madrid,Bon Preu,Pollo,49.61,Otoño,18:00
Kim Stephens,Bilbao,Aldi,Leche,35.54,Primavera,20:00
Austin Black,Murcia,Mercadona,Manzanas,44.61,Verano,14:00
Keith Wang,Madrid,Mercadona,Yogur,45.67,Primavera,13:00
Charles Butler,Madrid,Lidl,Atún,48.32,Verano,12:00
Scott Benson,Bilbao,Alcampo,Pollo,49.86,Otoño,08:00
Anthony Olson,Sevilla,Aldi,Pollo,22.28,Invierno,08:00
Christopher Estrada,Barcelona,Bon Preu,Pollo,5.82,Verano,20:00
Suzanne Garcia,Valencia,Carrefour,Tomates,49.35,Otoño,19:00
Brandon Richardson,Murcia,Consum,Atún,23.07,Invierno,14:00
Stacy Diaz,Murcia,El Corte Inglés,Pollo,43.07,Verano,20:00
Samantha Lee,Málaga,Carrefour,Arroz,22.41,Invierno,09:00
Christina Huerta,Murcia,Aldi,Pollo,1.48,Primavera,20:00
Mr. Trevor Castaneda,Barcelona,Consum,Atún,14.36,Invierno,19:00
Tyrone Gonzalez,Valencia,Consum,Manzanas,9.57,Invierno,21:00
Sean Friedman,Bilbao,Eroski,Atún,34.43,Invierno,14:00
Carl Kelley,Zaragoza,Carrefour,Atún,38.16,Invierno,14:00
Isaiah Burns,Madrid,El Corte Inglés,Huevos,20.85,Primavera,15:00
Bailey Martinez,Sevilla,Bon Preu,Leche,1.45,Otoño,12:00
Alexander Johnson,Valencia,Alcampo,Atún,5.67,Otoño,18:00
Dr. William Ward,Palma,Lidl,Manzanas,30.74,Primavera,18:00
David Schultz,Valencia,Lidl,Tomates,46.12,Verano,19:00
Scott Butler,Zaragoza,Aldi,Pasta,39.33,Otoño,11:00
Sandra Ellis,Palma,Mercadona,Atún,13.64,Invierno,12:00
Edward James,Bilbao,Alcampo,Yogur,9.79,Otoño,20:00
Douglas Moreno,Valencia,Aldi,Pasta,6.94,Verano,15:00
Anna Carpenter,Madrid,Dia,Manzanas,37.12,Invierno,09:00
Bruce Castillo DVM,Valencia,Dia,Leche,20.76,Verano,20:00
Scott Neal,Málaga,Aldi,Atún,22.54,Otoño,13:00
Ethan Roach,Sevilla,El Corte Inglés,Manzanas,42.93,Verano,21:00
George Grant,Barcelona,El Corte Inglés,Pasta,32.39,Primavera,15:00
Traci Hunt,Palma,Lidl,Arroz,46.24,Otoño,13:00
Jessica Proctor,Barcelona,Dia,Huevos,41.96,Verano,15:00
Sandra Edwards,Barcelona,Lidl,Huevos,43.26,Otoño,10:00
Kimberly Brown,Zaragoza,Bon Preu,Arroz,49.49,Verano,19:00
Victoria Roberson,Palma,Lidl,Pan,27.87,Otoño,14:00
Michael Gould,Bilbao,Eroski,Huevos,29.48,Invierno,17:00
Jason Hall,Madrid,Consum,Huevos,23.11,Primavera,14:00
Melissa Love,Palma,Dia,Leche,6.86,Verano,08:00
Anthony Miles,Bilbao,Carrefour,Pollo,34.02,Otoño,08:00
Joyce Macias,Málaga,Bon Preu,Pan,2.23,Verano,14:00
Angie Cruz,Bilbao,Consum,Pasta,38.92,Invierno,21:00
Michael Walker,Madrid,Eroski,Huevos,22.5,Verano,14:00
Austin Willis,Zaragoza,Aldi,Manzanas,34.23,Verano,13:00
Megan Patel,Zaragoza,Consum,Pasta,42.61,Primavera,21:00
Andrew Ryan,Málaga,Dia,Atún,20.18,Otoño,20:00
Hayley Fox,Zaragoza,Consum,Yogur,6.5,Verano,11:00
Barbara Hicks,Murcia,El Corte Inglés,Leche,15.96,Invierno,14:00
April Ferguson,Valencia,Consum,Pasta,13.65,Verano,20:00
Karen Hunter,Madrid,Aldi,Huevos,25.57,Invierno,12:00
Gerald Hull,Bilbao,Eroski,Manzanas,18.06,Verano,17:00
Marcus Maldonado,Zaragoza,Alcampo,Pasta,40.27,Primavera,20:00
Nathan Smith,Bilbao,Aldi,Huevos,4.84,Verano,16:00
Helen Hernandez,Las Palmas,El Corte Inglés,Huevos,5.31,Invierno,08:00
Colin Powell,Málaga,Eroski,Tomates,24.8,Invierno,08:00
Stacy Diaz,Bilbao,Carrefour,Manzanas,9.9,Invierno,17:00
Nicholas Gilmore,Málaga,Consum,Pollo,9.41,Otoño,09:00
Kevin Hernandez,Murcia,Alcampo,Pollo,3.06,Primavera,21:00
Jennifer Schwartz,Murcia,Dia,Yogur,2.37,Verano,08:00
Dominic Gray,Málaga,El Corte Inglés,Huevos,38.23,Otoño,10:00
Michael Frye,Málaga,Lidl,Pasta,14.38,Primavera,19:00
Jamie Stewart,Las Palmas,Eroski,Atún,9.88,Primavera,08:00
Katherine Navarro,Palma,Dia,Tomates,48.3,Invierno,14:00
Jean Jimenez,Murcia,Alcampo,Huevos,9.24,Invierno,18:00
Jessica Stanton,Palma,Mercadona,Manzanas,47.07,Primavera,17:00
Brett Smith,Palma,Lidl,Arroz,29.67,Primavera,21:00
Andrea Simpson,Las Palmas,Consum,Pollo,19.26,Otoño,21:00
Erik Bowman,Málaga,Mercadona,Pan,21.68,Primavera,21:00
Mia Phillips,Valencia,Lidl,Pollo,30.79,Invierno,09:00
Michael Mclaughlin,Valencia,Lidl,Arroz,2.02,Verano,10:00
Samantha Lee,Zaragoza,Dia,Tomates,48.56,Verano,20:00
Dustin Jackson,Málaga,El Corte Inglés,Leche,24.62,Invierno,20:00
Chase Garcia,Madrid,Eroski,Huevos,32.07,Invierno,16:00
Misty Curry,Madrid,El Corte Inglés,Yogur,20.5,Invierno,18:00
Katherine Baker,Sevilla,Carrefour,Pasta,42.3,Otoño,21:00
Nicholas Cummings,Palma,Eroski,Huevos,6.06,Otoño,19:00
Kimberly Powell,Málaga,Eroski,Yogur,8.3,Invierno,13:00
Beth Miller,Palma,Alcampo,Manzanas,25.35,Primavera,12:00
Jeffery Anderson,Zaragoza,El Corte Inglés,Arroz,3.36,Otoño,15:00
Luis Benitez,Murcia,Alcampo,Manzanas,19.5,Otoño,08:00
David Smith,Las Palmas,Mercadona,Leche,36.98,Otoño,21:00
Scott Lee,Zaragoza,Alcampo,Pasta,41.41,Verano,21:00
Melissa Nelson,Madrid,Eroski,Pollo,28.01,Primavera,16:00
Anna Carpenter,Palma,Mercadona,Leche,32.26,Invierno,19:00
Ricky Rogers,Bilbao,Bon Preu,Pan,32.36,Verano,15:00
Michael Frye,Málaga,Aldi,Yogur,7.73,Primavera,18:00
Victoria Dickerson,Las Palmas,Mercadona,Yogur,36.87,Verano,09:00
Tammy Kelley,Palma,Alcampo,Huevos,35.57,Invierno,12:00
John Yates,Sevilla,El Corte Inglés,Pasta,47.04,Otoño,16:00
Katherine Baker,Las Palmas,Aldi,Pollo,49.43,Verano,21:00
Nicholas Andrews,Málaga,Mercadona,Pasta,39.21,Primavera,08:00
Wesley Larson,Palma,El Corte Inglés,Leche,26.91,Verano,17:00
Joyce Macias,Málaga,Alcampo,Leche,36.56,Primavera,14:00
Selena King,Barcelona,Mercadona,Yogur,32.11,Otoño,15:00
Cameron Franco,Murcia,El Corte Inglés,Pasta,13.91,Otoño,20:00
Erik Harris,Málaga,Mercadona,Yogur,49.85,Otoño,21:00
Pedro Benson,Málaga,Alcampo,Pollo,8.84,Otoño,11:00
Derek Summers,Palma,El Corte Inglés,Huevos,41.77,Invierno,20:00
Roger Vance,Las Palmas,El Corte Inglés,Yogur,32.34,Primavera,09:00
Rebecca Hopkins,Murcia,Eroski,Arroz,22.92,Otoño,10:00
Ronald Bryant,Murcia,El Corte Inglés,Arroz,36.24,Verano,16:00
Jean Jimenez,Málaga,Lidl,Manzanas,32.86,Otoño,21:00
Nicholas Long,Valencia,El Corte Inglés,Leche,37.61,Verano,13:00
Mark Young,Barcelona,Eroski,Huevos,28.66,Otoño,11:00
Michael Frye,Sevilla,El Corte Inglés,Pollo,49.39,Otoño,21:00
Caroline Dominguez,Madrid,Dia,Atún,37.33,Otoño,21:00
Carl Davis,Palma,El Corte Inglés,Atún,1.66,Otoño,18:00
Christine Bartlett,Bilbao,Alcampo,Huevos,4.96,Primavera,16:00
Michael Miller,Málaga,Consum,Arroz,44.03,Verano,19:00
Ryan Wiggins,Murcia,El Corte Inglés,Atún,40.99,Otoño,15:00
Paul Davila,Barcelona,Alcampo,Arroz,33.42,Invierno,08:00
Karen Mcpherson,Bilbao,Dia,Pollo,12.1,Otoño,08:00
Travis Durham,Zaragoza,Consum,Pasta,26.91,Primavera,09:00
Lisa Madden,Valencia,El Corte Inglés,Manzanas,7.47,Verano,09:00
Derrick Palmer,Barcelona,El Corte Inglés,Manzanas,31.24,Verano,08:00
James Deleon,Málaga,El Corte Inglés,Tomates,14.5,Otoño,10:00
Jeffery Mora,Las Palmas,Consum,Atún,39.5,Invierno,14:00
Peter Johnson,Málaga,Mercadona,Manzanas,27.78,Verano,15:00
Charles Payne,Murcia,Alcampo,Huevos,29.99,Primavera,13:00
Paula Hill,Málaga,Aldi,Leche,29.78,Primavera,15:00
Randall Gray,Palma,Aldi,Pan,29.84,Verano,11:00
Jeffrey Williams,Sevilla,Dia,Arroz,18.0,Verano,09:00
David Blair,Las Palmas,Bon Preu,Huevos,25.7,Otoño,18:00
Lauren York,Palma,Mercadona,Tomates,15.17,Primavera,09:00
Stephanie Leonard,Barcelona,Dia,Yogur,12.03,Invierno,14:00
Anna Yates,Sevilla,Eroski,Yogur,36.78,Primavera,15:00
Dr. Melissa Russell,Las Palmas,El Corte Inglés,Manzanas,19.79,Primavera,10:00
Dennis Williams,Bilbao,Alcampo,Atún,11.06,Verano,08:00
Mr. Bradley Miller,Barcelona,Aldi,Leche,13.32,Verano,15:00
Jason Hicks,Zaragoza,Dia,Yogur,6.19,Otoño,12:00
Eric Burke,Las Palmas,Consum,Atún,49.36,Primavera,19:00
April Ferguson,Murcia,Aldi,Leche,16.87,Verano,14:00
John Nguyen,Palma,Dia,Atún,27.29,Primavera,10:00
Tiffany Burns,Zaragoza,Consum,Arroz,46.36,Otoño,16:00
Keith Wang,Málaga,Consum,Pollo,39.43,Verano,21:00
James Deleon,Murcia,Lidl,Pollo,36.38,Otoño,11:00
Catherine Becker,Sevilla,Bon Preu,Yogur,11.72,Invierno,15:00
Shannon Bradley,Valencia,El Corte Inglés,Pasta,36.89,Verano,13:00
Christopher Compton,Murcia,Lidl,Pasta,13.7,Invierno,15:00
Ryan Jenkins,Las Palmas,Carrefour,Pollo,27.98,Primavera,19:00
Teresa Jones,Madrid,Bon Preu,Pollo,25.17,Verano,19:00
Whitney Bates,Madrid,Bon Preu,Pan,36.05,Verano,10:00
Kimberly Diaz,Málaga,El Corte Inglés,Pan,17.66,Otoño,14:00
Barbara Robbins,Palma,Mercadona,Manzanas,29.2,Otoño,11:00
Michael Gould,Sevilla,Mercadona,Arroz,39.74,Otoño,18:00
Juan Porter,Murcia,Bon Preu,Atún,49.6,Otoño,21:00
Stephen Miller,Madrid,Dia,Arroz,49.63,Primavera,16:00
Donna Shaffer,Palma,Alcampo,Atún,21.12,Otoño,15:00
Robert Taylor,Barcelona,Dia,Leche,7.75,Primavera,14:00
Alyssa Fletcher,Las Palmas,Eroski,Pan,1.69,Otoño,20:00
James Jacobs,Barcelona,Bon Preu,Huevos,23.1,Verano,08:00
Laura Rose,Bilbao,Dia,Pan,32.9,Primavera,21:00
David Perez,Palma,Bon Preu,Arroz,6.38,Invierno,19:00
Alexander Bridges,Madrid,Carrefour,Pan,42.95,Primavera,14:00
Debbie Wells,Madrid,Dia,Manzanas,11.53,Invierno,12:00
Jacob Lee,Sevilla,Mercadona,Pan,45.1,Otoño,09:00
Valerie Holland,Málaga,Aldi,Leche,43.6,Otoño,09:00
Rachel Tyler,Madrid,Eroski,Pasta,43.52,Invierno,17:00
Haley Howard,Barcelona,Bon Preu,Pasta,15.64,Invierno,09:00
Eugene Burgess,Palma,Mercadona,Pan,42.09,Primavera,12:00
Connie Scott,Sevilla,Aldi,Yogur,21.12,Verano,12:00
Shelley Reynolds,Palma,Alcampo,Atún,37.47,Verano,08:00
Vincent Miller,Sevilla,Bon Preu,Pollo,15.89,Primavera,19:00
Kenneth Huang,Zaragoza,Mercadona,Leche,40.09,Verano,18:00
Thomas Adams,Madrid,Bon Preu,Tomates,25.53,Primavera,14:00
Rebecca Robles,Las Palmas,Carrefour,Arroz,39.69,Verano,19:00
Tiffany Estrada,Las Palmas,Eroski,Leche,47.97,Invierno,15:00
Tiffany Prince,Bilbao,Eroski,Huevos,15.9,Otoño,20:00
April Carter,Valencia,Aldi,Pan,12.53,Verano,14:00
Jeffery Baker,Murcia,Eroski,Arroz,0.57,Invierno,13:00
Stacy Diaz,Valencia,Consum,Pollo,2.92,Otoño,18:00
John Nelson,Las Palmas,Carrefour,Yogur,29.99,Invierno,16:00
Nicholas Black,Palma,Mercadona,Huevos,5.17,Invierno,21:00
Brian Valencia,Bilbao,Bon Preu,Pollo,3.16,Primavera,20:00
Gina Gordon,Las Palmas,Bon Preu,Manzanas,13.41,Invierno,18:00
Ryan Shelton,Madrid,Bon Preu,Manzanas,42.28,Verano,09:00
Tanya Reynolds,Valencia,Lidl,Leche,8.16,Otoño,10:00
Stephanie Leonard,Valencia,Mercadona,Leche,19.05,Otoño,11:00
Shawn Vang,Zaragoza,Alcampo,Yogur,21.85,Invierno,14:00
Joshua Harrington,Palma,Bon Preu,Arroz,28.55,Primavera,14:00
Jenny Chavez,Madrid,Carrefour,Huevos,15.2,Verano,21:00
Michael Long,Bilbao,Dia,Arroz,19.39,Invierno,09:00
Edward Berry,Málaga,Bon Preu,Pan,14.21,Verano,19:00
John Moreno,Barcelona,Aldi,Pasta,42.14,Invierno,21:00
Jonathan Roberts,Barcelona,Carrefour,Arroz,25.23,Primavera,14:00
Raymond Hardy,Murcia,Bon Preu,Pasta,16.36,Otoño,15:00
Robert Taylor,Murcia,Lidl,Atún,30.45,Invierno,13:00
Debbie Garcia,Las Palmas,Carrefour,Tomates,31.72,Invierno,09:00
Sabrina Douglas,Valencia,El Corte Inglés,Yogur,14.64,Primavera,09:00
Jessica Dunn,Las Palmas,Mercadona,Tomates,35.8,Verano,09:00
David Ramirez,Barcelona,Aldi,Arroz,38.93,Invierno,17:00
Dennis Williams,Valencia,Eroski,Manzanas,29.97,Otoño,20:00
Laura Davis,Málaga,Consum,Pasta,9.75,Primavera,13:00
William Kim,Bilbao,El Corte Inglés,Manzanas,40.89,Invierno,15:00
Anna Mcgee,Valencia,Carrefour,Huevos,19.58,Invierno,19:00
Mrs. Olivia Watts,Sevilla,Lidl,Tomates,6.3,Invierno,12:00
James Martinez,Palma,Aldi,Pan,5.05,Otoño,10:00
Barry Townsend,Palma,El Corte Inglés,Pan,33.05,Primavera,14:00
Matthew Rodriguez,Murcia,El Corte Inglés,Huevos,6.3,Primavera,17:00
Christopher Peterson,Murcia,Aldi,Pasta,26.7,Invierno,15:00
Darrell Brown,Murcia,Aldi,Tomates,14.14,Primavera,15:00
David Jones,Valencia,Aldi,Manzanas,21.89,Otoño,20:00
Jacob Garrison,Madrid,Dia,Arroz,1.85,Primavera,15:00
Scott Arnold,Bilbao,Dia,Yogur,45.66,Primavera,08:00
Raymond Castillo,Valencia,Bon Preu,Huevos,36.34,Primavera,10:00
Jessica Johnston,Madrid,Eroski,Pollo,40.88,Otoño,18:00
Holly Johnson,Bilbao,Lidl,Leche,1.94,Invierno,10:00
Jaclyn Wyatt,Zaragoza,Mercadona,Arroz,26.0,Primavera,13:00
Isaiah Burns,Zaragoza,El Corte Inglés,Pan,30.95,Otoño,13:00
Jamie Foley,Valencia,Alcampo,Huevos,26.13,Verano,10:00
Tiffany Peterson,Barcelona,Bon Preu,Tomates,35.05,Verano,19:00
Michael Hayden,Zaragoza,Dia,Pasta,23.37,Primavera,15:00
Megan Stevenson,Málaga,Bon Preu,Tomates,8.26,Invierno,13:00
Jessica Long,Zaragoza,Bon Preu,Manzanas,42.86,Invierno,09:00
Charles Butler,Bilbao,Eroski,Atún,31.28,Invierno,09:00
Danielle Mitchell,Málaga,El Corte Inglés,Leche,21.29,Otoño,19:00
Lisa Madden,Palma,Consum,Huevos,5.36,Primavera,15:00
Tyrone Gonzalez,Bilbao,Carrefour,Huevos,33.45,Otoño,15:00
Carolyn Hess,Bilbao,Alcampo,Atún,20.37,Primavera,08:00
Steven Welch,Bilbao,Lidl,Pollo,2.98,Invierno,08:00
Jacob Ryan,Madrid,Dia,Leche,33.9,Verano,08:00
Reginald Williams,Málaga,Alcampo,Atún,12.19,Primavera,16:00
Tyrone Gonzalez,Sevilla,El Corte Inglés,Huevos,2.71,Primavera,16:00
Lynn Nelson,Sevilla,Dia,Pan,10.49,Otoño,13:00
Justin Watkins,Palma,Carrefour,Manzanas,3.61,Primavera,13:00
Jonathan Diaz,Barcelona,Alcampo,Arroz,46.61,Primavera,19:00
Charles Butler,Murcia,Carrefour,Tomates,9.7,Verano,18:00
Christopher Li,Palma,Mercadona,Leche,9.14,Invierno,17:00
Grace Gay,Bilbao,Bon Preu,Yogur,5.88,Invierno,11:00
Tabitha Sullivan,Palma,Alcampo,Pollo,34.35,Primavera,19:00
Kathryn Gonzalez,Madrid,Eroski,Yogur,23.68,Verano,16:00
Jesse West,Murcia,Lidl,Pan,27.09,Otoño,20:00
Anna Yates,Bilbao,El Corte Inglés,Pan,36.92,Invierno,14:00
Robert Cooper,Murcia,El Corte Inglés,Tomates,43.42,Primavera,12:00
Justin Garcia,Madrid,Carrefour,Pollo,33.12,Primavera,15:00
George Kennedy,Barcelona,Aldi,Pollo,34.83,Otoño,16:00
Carolyn Stein,Barcelona,Eroski,Huevos,47.0,Primavera,17:00
Charles Rich,Sevilla,Consum,Yogur,18.99,Verano,21:00
Patricia Jones,Madrid,El Corte Inglés,Leche,3.7,Verano,20:00
Tiffany Serrano,Murcia,Eroski,Pollo,38.04,Primavera,18:00
Jesus Ramirez,Las Palmas,Mercadona,Yogur,17.54,Primavera,09:00
Maria Smith,Valencia,El Corte Inglés,Atún,44.73,Otoño,18:00
Gregory Lewis,Murcia,Carrefour,Tomates,30.47,Verano,18:00
Keith Wang,Palma,Lidl,Leche,26.06,Primavera,14:00
Tonya Shannon,Murcia,Carrefour,Manzanas,12.45,Verano,16:00
William Smith,Zaragoza,Alcampo,Huevos,12.75,Verano,15:00
Gregory Smith,Sevilla,Bon Preu,Atún,31.55,Primavera,12:00
Steven Mcmillan,Madrid,Consum,Tomates,32.54,Invierno,11:00
Kelly Lamb,Bilbao,Consum,Yogur,22.01,Verano,17:00
Kari Gonzalez,Las Palmas,Eroski,Pan,2.33,Verano,12:00
Elizabeth Osborne,Las Palmas,Eroski,Leche,32.35,Primavera,12:00
William Kelley,Bilbao,Consum,Arroz,16.7,Primavera,13:00
James Anderson,Murcia,Consum,Huevos,12.39,Verano,14:00
Jacob Franklin,Valencia,Carrefour,Huevos,42.76,Primavera,16:00
Becky Carpenter,Barcelona,Lidl,Atún,8.49,Primavera,09:00
Gary Nichols,Sevilla,Lidl,Leche,43.47,Otoño,08:00
William Smith,Barcelona,Mercadona,Pan,43.77,Invierno,19:00
Dustin Jackson,Palma,Carrefour,Atún,2.62,Otoño,21:00
Samantha Lee,Málaga,Carrefour,Yogur,44.16,Otoño,21:00
Erica Gutierrez,Palma,Mercadona,Arroz,49.57,Primavera,08:00
Matthew Farley,Barcelona,Bon Preu,Pollo,20.69,Otoño,17:00
Frederick Nash,Bilbao,Bon Preu,Leche,48.67,Otoño,21:00
Victoria Dickerson,Murcia,El Corte Inglés,Huevos,21.69,Primavera,09:00
Chase Garcia,Málaga,Alcampo,Yogur,29.39,Verano,08:00
Adam Price,Palma,Mercadona,Arroz,13.24,Primavera,13:00
Pamela Lane,Zaragoza,Eroski,Tomates,8.62,Primavera,19:00
Alyssa Owens,Barcelona,Aldi,Manzanas,12.08,Otoño,11:00
Crystal Delgado,Barcelona,Bon Preu,Tomates,7.06,Verano,09:00
Lisa Obrien,Murcia,Carrefour,Arroz,31.07,Verano,10:00
Keith Johnson,Valencia,Carrefour,Leche,17.14,Verano,11:00
John Terrell,Madrid,Eroski,Atún,17.75,Invierno,16:00
Albert Vargas,Zaragoza,Alcampo,Arroz,21.1,Otoño,15:00
Marvin Morales,Valencia,Bon Preu,Pasta,2.07,Invierno,18:00
Scott Arnold,Bilbao,Carrefour,Arroz,2.23,Primavera,13:00
April Patterson,Sevilla,Bon Preu,Yogur,3.3,Primavera,10:00
Susan Klein,Palma,Carrefour,Atún,17.32,Invierno,10:00
Lori Butler,Barcelona,Dia,Pan,18.7,Invierno,13:00
Jasmin Jones,Valencia,Aldi,Leche,17.2,Primavera,16:00
Kari Gonzalez,Madrid,Carrefour,Arroz,45.93,Primavera,13:00
Randy Harris,Málaga,Lidl,Pasta,21.6,Primavera,17:00
Karen Hunter,Las Palmas,Dia,Arroz,3.36,Otoño,14:00
Carolyn Hess,Madrid,Aldi,Arroz,2.44,Invierno,12:00
Pamela Mendoza,Barcelona,Eroski,Pollo,36.94,Verano,14:00
Justin Wright,Barcelona,Bon Preu,Manzanas,8.41,Verano,16:00
Leah Haney,Las Palmas,Consum,Pasta,35.87,Otoño,21:00
Samuel Martinez,Málaga,El Corte Inglés,Leche,27.85,Verano,20:00
Mathew Mcgrath,Barcelona,Carrefour,Arroz,7.63,Invierno,21:00
Sara Cooper,Murcia,Aldi,Yogur,27.12,Verano,17:00
Stacy Sims,Murcia,Bon Preu,Tomates,22.13,Otoño,15:00
Pamela Mendoza,Bilbao,Consum,Tomates,29.02,Otoño,15:00
William Smith,Zaragoza,Mercadona,Tomates,23.4,Verano,15:00
Samantha Butler,Murcia,El Corte Inglés,Huevos,36.07,Invierno,18:00
Renee Parks,Barcelona,Aldi,Pasta,27.4,Invierno,17:00
Curtis Giles,Barcelona,Aldi,Pan,39.64,Primavera,19:00
Eric Arnold,Sevilla,Dia,Yogur,49.89,Otoño,11:00
Tanya Mccall,Murcia,Aldi,Atún,33.94,Otoño,15:00
Nicholas Cummings,Valencia,Consum,Yogur,28.98,Invierno,10:00
Rachel Tyler,Málaga,Eroski,Arroz,7.53,Invierno,10:00
Reginald Webb,Sevilla,Consum,Pan,24.42,Invierno,09:00
Katie Carroll,Murcia,Alcampo,Yogur,7.76,Verano,21:00
Miguel Johnson,Murcia,El Corte Inglés,Pan,12.0,Primavera,20:00
Mr. Douglas Flowers,Barcelona,Dia,Yogur,39.23,Otoño,13:00
Wendy Lewis,Murcia,Alcampo,Tomates,31.45,Verano,11:00
Debbie Wells,Murcia,Consum,Pasta,38.39,Primavera,08:00
Michael Garrett,Zaragoza,Eroski,Pollo,48.07,Verano,11:00
Gary Spears,Zaragoza,Carrefour,Tomates,9.36,Primavera,11:00
Jenny Chavez,Sevilla,Bon Preu,Pasta,27.38,Otoño,13:00
Susan Anderson,Zaragoza,Alcampo,Tomates,28.41,Invierno,20:00
Melissa Love,Madrid,Dia,Pollo,25.42,Verano,16:00
Roger Vance,Murcia,Bon Preu,Tomates,36.06,Otoño,20:00
Victoria Griffin,Las Palmas,Bon Preu,Tomates,20.97,Verano,19:00
Joyce Fisher,Zaragoza,Lidl,Tomates,13.45,Verano,13:00
Michelle Barry,Zaragoza,Carrefour,Pasta,7.57,Primavera,15:00
Eric Jones,Valencia,El Corte Inglés,Leche,42.32,Invierno,14:00
Raymond Castillo,Bilbao,Aldi,Pollo,49.23,Primavera,18:00
Stephen Johnson,Valencia,Bon Preu,Pan,4.34,Primavera,10:00
Lawrence Gonzalez,Palma,Alcampo,Atún,7.17,Otoño,14:00
Kimberly Soto,Barcelona,Lidl,Arroz,20.03,Primavera,12:00
Pamela Mendoza,Palma,Eroski,Pollo,25.02,Primavera,17:00
Tiffany May,Barcelona,Alcampo,Pollo,40.54,Primavera,21:00
Miguel Jones,Bilbao,Dia,Pollo,9.93,Otoño,18:00
Kayla Barr,Madrid,El Corte Inglés,Manzanas,13.04,Primavera,16:00
Kirsten Thompson,Zaragoza,El Corte Inglés,Manzanas,14.78,Otoño,21:00
Theodore Pearson,Valencia,Dia,Tomates,49.95,Verano,08:00
Stacy Diaz,Valencia,Lidl,Pan,18.1,Primavera,14:00
Michael Frye,Madrid,Lidl,Yogur,2.34,Otoño,14:00
Roger Vance,Palma,El Corte Inglés,Tomates,20.87,Otoño,21:00
Stanley Murphy,Valencia,Dia,Arroz,41.38,Primavera,11:00
Natasha Snyder,Valencia,Mercadona,Atún,6.26,Primavera,11:00
Deborah Rangel,Valencia,El Corte Inglés,Pan,33.06,Invierno,21:00
April Ferguson,Bilbao,Alcampo,Huevos,4.65,Invierno,12:00
Sierra Coffey,Zaragoza,Lidl,Huevos,37.53,Verano,13:00
Lisa Le,Palma,Carrefour,Leche,25.44,Invierno,18:00
Patricia Hoover DDS,Bilbao,Consum,Arroz,4.04,Verano,10:00
Dominic Gray,Zaragoza,Aldi,Arroz,47.29,Otoño,17:00
Kevin Stewart,Bilbao,Mercadona,Leche,32.2,Primavera,11:00
Gwendolyn Abbott,Sevilla,Carrefour,Atún,35.37,Otoño,15:00
Matthew Greene,Barcelona,Consum,Leche,14.04,Otoño,08:00
Renee Rogers,Sevilla,Consum,Huevos,39.16,Verano,13:00
Jacob Ryan,Valencia,Carrefour,Yogur,17.65,Verano,17:00
Monica Wells,Sevilla,Alcampo,Arroz,14.71,Invierno,13:00
Kevin Alvarez,Zaragoza,Bon Preu,Atún,1.58,Otoño,20:00
Lisa Madden,Murcia,Dia,Yogur,25.17,Verano,18:00
Roberta Graham,Zaragoza,Carrefour,Leche,22.07,Primavera,08:00
Tiffany Prince,Sevilla,El Corte Inglés,Pasta,1.93,Primavera,15:00
Jaclyn Wyatt,Las Palmas,Mercadona,Manzanas,24.62,Primavera,12:00
Ryan Wiggins,Madrid,Consum,Atún,7.37,Otoño,19:00
Michelle Smith,Murcia,Consum,Pasta,30.28,Otoño,09:00
Jonathan Diaz,Zaragoza,El Corte Inglés,Pollo,5.98,Primavera,12:00
Brenda Rich,Zaragoza,Eroski,Pollo,24.87,Invierno,20:00
Michael Mclaughlin,Málaga,Bon Preu,Pasta,37.71,Invierno,20:00
Daniel Fowler,Murcia,Consum,Pasta,18.89,Invierno,12:00
Andrew Moore,Valencia,Dia,Pan,30.63,Verano,20:00
Cynthia Dillon,Málaga,Alcampo,Arroz,11.14,Invierno,15:00
Robert Hughes,Sevilla,Carrefour,Yogur,39.87,Primavera,21:00
Jeffery Baker,Sevilla,Consum,Huevos,16.22,Invierno,21:00
Juan Morrow,Las Palmas,Carrefour,Pan,21.17,Otoño,17:00
Brett Smith,Málaga,Aldi,Pollo,19.99,Verano,17:00
Kyle Downs,Sevilla,Bon Preu,Pan,3.65,Primavera,17:00
Matthew Frazier,Zaragoza,Lidl,Manzanas,23.86,Otoño,17:00
Eileen Hall,Murcia,Dia,Pan,5.67,Invierno,18:00
Anna Obrien,Murcia,Lidl,Pollo,34.29,Verano,12:00
Timothy Fuentes,Bilbao,Eroski,Tomates,24.52,Verano,13:00
Drew Myers,Valencia,Consum,Pan,37.06,Primavera,11:00
Adrian Kelly,Murcia,Eroski,Pan,39.91,Primavera,20:00
Brendan Salazar,Palma,Mercadona,Pan,45.17,Primavera,20:00
John Nelson,Sevilla,Dia,Pollo,9.42,Otoño,18:00
Jennifer Reilly,Valencia,Dia,Tomates,26.66,Primavera,08:00
Alyssa Owens,Barcelona,Eroski,Pasta,43.72,Verano,18:00
Jackie Knight,Murcia,Aldi,Pan,47.95,Verano,21:00
Todd Thomas,Murcia,Eroski,Huevos,16.09,Invierno,08:00
David Smith,Murcia,Mercadona,Arroz,29.57,Otoño,10:00
Jessica Thompson,Sevilla,Bon Preu,Pollo,10.68,Primavera,13:00
Gina Gordon,Madrid,Dia,Manzanas,30.51,Primavera,18:00
Jeffrey Roberson,Sevilla,Dia,Atún,22.89,Otoño,14:00
Michael Reynolds,Palma,Aldi,Tomates,49.28,Otoño,14:00
David Perez,Bilbao,Eroski,Pasta,26.66,Verano,08:00
Robert Gutierrez,Barcelona,Eroski,Pan,13.29,Verano,13:00
Tim Boone,Sevilla,Bon Preu,Tomates,15.08,Primavera,10:00
Derrick Palmer,Murcia,El Corte Inglés,Atún,8.5,Verano,18:00
Stephanie Barnett,Zaragoza,Mercadona,Manzanas,36.24,Primavera,10:00
William Duffy,Madrid,Consum,Tomates,39.9,Invierno,20:00
Albert Allen,Las Palmas,Lidl,Huevos,26.98,Verano,21:00
Craig Diaz,Las Palmas,Dia,Pasta,7.07,Otoño,21:00
Barry Townsend,Las Palmas,Eroski,Huevos,12.46,Verano,15:00
Angela Carter,Zaragoza,Consum,Yogur,3.58,Primavera,19:00
Bryan Bernard,Madrid,El Corte Inglés,Pollo,10.47,Verano,19:00
Kylie Reed,Sevilla,Lidl,Pan,21.05,Otoño,09:00
Brian Wiggins,Las Palmas,Carrefour,Pollo,30.62,Otoño,12:00
Karen Cooper,Madrid,Aldi,Yogur,24.72,Otoño,10:00
Jacob Lee,Palma,Aldi,Pasta,1.44,Otoño,13:00
Joanne Williams,Málaga,Consum,Atún,38.94,Verano,09:00
Tiffany Hart,Málaga,Consum,Manzanas,8.36,Verano,11:00
Stacy Beard,Bilbao,Dia,Pan,18.01,Verano,11:00
Emily Bridges,Valencia,Alcampo,Manzanas,18.29,Primavera,20:00
Jonathan Roberts,Las Palmas,Aldi,Pan,33.83,Primavera,10:00
Christopher Bates DDS,Valencia,Eroski,Leche,49.16,Primavera,14:00
Mia Phillips,Madrid,Alcampo,Pollo,8.66,Invierno,14:00
John Terrell,Valencia,Carrefour,Yogur,0.79,Invierno,15:00
John Nguyen,Valencia,El Corte Inglés,Manzanas,15.86,Invierno,09:00
Katherine Baker,Palma,Aldi,Yogur,12.76,Verano,09:00
Connor Martin MD,Barcelona,Dia,Pollo,18.59,Otoño,09:00
Jacob Roach,Las Palmas,Aldi,Pasta,49.17,Primavera,17:00
Kelly Mendez,Madrid,Lidl,Pan,16.16,Verano,16:00
Michelle Beck,Valencia,Eroski,Leche,35.48,Otoño,09:00
Michael Garrett,Valencia,Consum,Arroz,2.28,Invierno,11:00
Brian Stephens,Valencia,Carrefour,Manzanas,10.89,Invierno,13:00
Ryan Gonzalez,Madrid,Alcampo,Pasta,21.39,Primavera,19:00
John Hill,Barcelona,Aldi,Manzanas,9.65,Primavera,18:00
Bruce Castillo DVM,Las Palmas,Lidl,Atún,23.26,Verano,17:00
Renee Parks,Zaragoza,Eroski,Huevos,31.84,Invierno,09:00
Shelley Williamson,Sevilla,Lidl,Tomates,19.19,Invierno,16:00
Kara Keller,Valencia,Mercadona,Huevos,49.3,Verano,17:00
Tyler Rosales DDS,Murcia,Eroski,Manzanas,34.24,Otoño,16:00
Erik Harris,Bilbao,Dia,Huevos,28.15,Primavera,09:00
Stanley Park,Madrid,Carrefour,Atún,48.07,Primavera,16:00
Mr. Christopher Duffy,Sevilla,Lidl,Yogur,43.29,Invierno,17:00
Angel Doyle,Bilbao,Aldi,Pasta,5.28,Verano,16:00
Joshua Wallace,Sevilla,Mercadona,Pan,40.07,Verano,13:00
Keith Reid,Málaga,Mercadona,Arroz,14.28,Verano,15:00
Stephanie Chen,Málaga,Carrefour,Pan,26.02,Otoño,11:00
Jamie Foley,Valencia,Carrefour,Manzanas,49.39,Primavera,16:00
Jasmin Jones,Madrid,Eroski,Pan,10.21,Verano,10:00
Amanda Eaton,Sevilla,Eroski,Pasta,37.13,Verano,13:00
Karen Mcpherson,Murcia,Alcampo,Manzanas,1.03,Verano,21:00
Brett Reese,Murcia,Consum,Manzanas,49.58,Verano,09:00
Teresa Rollins,Sevilla,Lidl,Arroz,35.49,Verano,09:00
Brett Smith,Sevilla,Alcampo,Pasta,23.94,Invierno,18:00
Mathew Mcgrath,Barcelona,Mercadona,Leche,21.56,Invierno,12:00
Holly Taylor,Murcia,Lidl,Atún,12.95,Verano,15:00
John Yates,Sevilla,Mercadona,Arroz,6.94,Otoño,15:00
Emily Bridges,Bilbao,Aldi,Manzanas,10.82,Otoño,13:00
Matthew Thompson,Madrid,Alcampo,Yogur,15.12,Verano,14:00
Jonathan Ward,Barcelona,Eroski,Pasta,43.61,Invierno,14:00
Brian Kelly,Barcelona,Dia,Manzanas,36.1,Otoño,10:00
Theresa Osborne DDS,Las Palmas,Carrefour,Manzanas,28.9,Invierno,11:00
Alexander Cox,Madrid,Aldi,Atún,33.78,Verano,21:00
Alex Cooper,Palma,Mercadona,Pasta,33.0,Primavera,09:00
Jamie Henry,Murcia,Bon Preu,Huevos,40.35,Otoño,21:00
Laura Henderson,Murcia,Eroski,Leche,35.14,Invierno,09:00
Kristina Jimenez,Málaga,Lidl,Manzanas,25.47,Primavera,13:00
Gary Spears,Bilbao,Alcampo,Leche,42.01,Invierno,11:00
John Martinez,Málaga,Consum,Pasta,18.51,Invierno,21:00
Scott Kane,Palma,Aldi,Huevos,31.06,Verano,16:00
Jessica Stanton,Murcia,Dia,Pollo,41.32,Verano,19:00
Jennifer Hill,Málaga,Aldi,Huevos,33.09,Invierno,19:00
Anna Carpenter,Zaragoza,Carrefour,Yogur,38.79,Invierno,13:00
William Howe,Málaga,Carrefour,Atún,14.78,Invierno,19:00
Olivia Gomez,Barcelona,Lidl,Yogur,4.74,Verano,09:00
Renee Rogers,Zaragoza,Alcampo,Atún,27.5,Verano,19:00
Tina Montgomery,Málaga,Aldi,Atún,32.88,Otoño,09:00
Tina Montgomery,Madrid,Aldi,Pasta,1.54,Otoño,11:00
Donald Miles,Sevilla,Mercadona,Pollo,13.2,Invierno,19:00
Mr. Derek Allison,Bilbao,Lidl,Tomates,4.45,Primavera,19:00
Amy Cox,Barcelona,Carrefour,Huevos,3.37,Otoño,13:00
James Rogers,Valencia,Alcampo,Arroz,37.23,Invierno,16:00
Joseph Williams,Zaragoza,Carrefour,Pan,33.16,Otoño,17:00
Karen Cooper,Zaragoza,Mercadona,Pollo,46.91,Invierno,16:00
Randy Harris,Sevilla,Bon Preu,Manzanas,30.87,Primavera,16:00
Regina Walker,Palma,El Corte Inglés,Leche,4.79,Verano,12:00
Tiffany Serrano,Bilbao,Mercadona,Yogur,48.55,Primavera,19:00
Patrick Callahan,Valencia,Alcampo,Yogur,7.94,Otoño,19:00
Emily Clayton,Las Palmas,Lidl,Pasta,27.42,Otoño,13:00
Christopher Todd,Palma,Dia,Huevos,1.57,Primavera,20:00
Aaron Thomas,Sevilla,Carrefour,Arroz,46.42,Otoño,10:00
Ashley Walker,Las Palmas,Bon Preu,Leche,41.22,Primavera,20:00
Stacy Diaz,Sevilla,El Corte Inglés,Tomates,44.79,Primavera,17:00
Kelsey Garza,Murcia,Consum,Leche,44.47,Otoño,16:00
Brian Edwards,Zaragoza,Lidl,Pan,31.83,Invierno,15:00
Michael Allen,Zaragoza,Bon Preu,Pasta,6.51,Otoño,14:00
Lori Butler,Málaga,Bon Preu,Pan,17.76,Verano,13:00
Bradley Johnson,Madrid,Consum,Pasta,20.48,Invierno,21:00
Kenneth Howell,Zaragoza,Aldi,Atún,9.25,Primavera,13:00
Justin Patterson,Bilbao,Alcampo,Manzanas,49.22,Otoño,13:00
